<?xml version='1.0' ?>
<!DOCTYPE book PUBLIC "-//OASIS//DTD DocBook XML V4.1.2//EN"
               "http://www.oasis-open.org/docbook/xml/4.1.2/docbookx.dtd" [ 
<!-- Global variables are defined in variables.ent -->
]>

<book>
  <title>External Authentication</title>
      <xi:include href="install.xml" xmlns:xi="http://www.w3.org/2001/XInclude">
        <xi:fallback>Section Missing</xi:fallback>
      </xi:include>
      <xi:include href="design.xml" xmlns:xi="http://www.w3.org/2001/XInclude">
        <xi:fallback>Section Missing</xi:fallback>
      </xi:include>

</book>
