<?xml version="1.0" encoding="ISO-8859-1"?>
<message_catalog package_key="acs-authentication" locale="en_US" charset="ISO-8859-1">

  <msg key="Add_to_Community">Add to Community</msg>
  <msg key="Add_to_system_name">Add to %system_name%</msg>
  <msg key="Does_not_have_an_account_on_system_name">Does not have an account on %system_name%</msg>
  <msg key="Has_account_on_system_name">Has an account on %system_name%</msg>
  <msg key="Invalid_username_or_password">Invalid username or password</msg>
  <msg key="lt_Not_getting_the_results_you_expected">Not getting the results you expected? Try searching:</msg>
</message_catalog>
