<?xml version="1.0" encoding="ISO-8859-1"?>
<message_catalog package_key="acs-admin" locale="en_US" charset="ISO-8859-1">

  <msg key="Account_reg_URL_help_text">URL where users register for a new account.</msg>
  <msg key="Account_Registration">Account registration</msg>
  <msg key="Account_registration_URL">Account registration URL</msg>
  <msg key="Actions">Actions</msg>
  <msg key="Actions_Minute">Actions/Minute</msg>
  <msg key="Add_callback">Add callback</msg>
  <msg key="Administration">Administration</msg>
  <msg key="Are_you_sure_you_want_to_delete_authority_authorities_pretty_name">Are you sure you want to delete authority %authorities.pretty_name%?</msg>
  <msg key="Authentication">Authentication</msg>
  <msg key="Authority_name">Authority name</msg>
  <msg key="Authority_short_name_help_text">This is used when referring to the authority in parameters etc. Even if you need to change the display name above, this should stay unchanged.</msg>
  <msg key="Batch_sync_enabled">Batch sync enabled</msg>
  <msg key="Batch_Synchronization">Batch Synchronization</msg>
  <msg key="Change_password_URL">Change password URL</msg>
  <msg key="Change_password_URL_help_text">Instead of a password management driver, you may provide a URL to which users are sent when they want to change their password. Any username in this url must be on the syntax foo={username} and {username} will be replaced with the real username.</msg>
  <msg key="Creation_user">Creation user</msg>
  <msg key="Delete">Delete</msg>
  <msg key="Delete_callback">Delete callback</msg>
  <msg key="Disable_this_authority">Disable this authority</msg>
  <msg key="Document">Document</msg>
  <msg key="Document_end_time">Document end time</msg>
  <msg key="Document_message">Document message</msg>
  <msg key="Document_start_time">Document start time</msg>
  <msg key="Document_status">Document status</msg>
  <msg key="download">download</msg>
  <msg key="Edit_callback">Edit callback</msg>
  <msg key="Enable_this_authority">Enable this authority</msg>
  <msg key="Enabled">Enabled</msg>
  <msg key="End_time">End time</msg>
  <msg key="General">General</msg>
  <msg key="GetDocument_implementation">GetDocument implementation</msg>
  <msg key="Help_contact_help_text">Contact information (phone, email, etc.) to be displayed as a last resort when people are having problems with an authority.</msg>
  <msg key="Help_contact_text">Help contact text</msg>
  <msg key="Interactive">Interactive</msg>
  <msg key="Invoke">Invoke</msg>
  <msg key="Invoke_this_callback_proc_now_Be_careful">Invoke this callback proc now. Be careful!</msg>
  <msg key="Make_this_the_authority_for_registering_new_users">Make this the authority for registering new users</msg>
  <msg key="Message">Message</msg>
  <msg key="Move_this_authority_down">Move this authority down</msg>
  <msg key="Move_this_authority_up">Move this authority up</msg>
  <msg key="Name">Name</msg>
  <msg key="No">No</msg>
  <msg key="Number_of_actions">Number of actions</msg>
  <msg key="Number_of_problems">Number of problems</msg>
  <msg key="On-Demand_Sync">On-Demand Sync</msg>
  <msg key="One_batch_job">One batch job</msg>
  <msg key="Operation">Operation</msg>
  <msg key="Order">Order*</msg>
  <msg key="Package_Manager">Package Manager</msg>
  <msg key="Pages">Pages</msg>
  <msg key="Parameters">Parameters</msg>
  <msg key="Password">Password</msg>
  <msg key="Password_Management">Password Management</msg>
  <msg key="Problems">Problems</msg>
  <msg key="ProcessDocument_implementation">ProcessDocument implementation</msg>
  <msg key="Recover_password_URL">Recover password URL</msg>
  <msg key="Recover_password_URL_help_text">Instead of a password management driver, you may provide a URL to which users are sent when they need help recovering their password. Any username in this url must be on the syntax foo={username} and {username} will be replaced with the real username.</msg>
  <msg key="Registration">Registration</msg>
  <msg key="Run_time">Run time</msg>
  <msg key="Running_time">Running time</msg>
  <msg key="seconds">seconds</msg>
  <msg key="Service">Service</msg>
  <msg key="Service_administration">Service administration</msg>
  <msg key="Service_parameters">Service parameters</msg>
  <msg key="Short_Name">Short Name</msg>
  <msg key="Site-Wide_Admin">Site-Wide Admin</msg>
  <msg key="Snapshot">Snapshot</msg>
  <msg key="Start_time">Start time</msg>
  <msg key="Success">Success</msg>
  <msg key="Tcl_Callbacks">Tcl Callbacks</msg>
  <msg key="Tcl_Proc">Tcl Proc</msg>
  <msg key="Timestamp">Timestamp</msg>
  <msg key="Type">Type</msg>
  <msg key="User_Info">User Info</msg>
  <msg key="User_Info_help_text">The implementation for getting user information from the authority in real-time</msg>
  <msg key="Username">Username</msg>
  <msg key="View_log_entry">View log entry</msg>
  <msg key="Visit_service_pages">Visit service pages</msg>
  <msg key="Yes">Yes</msg>
  <msg key="You_are_changing_all_user_registrations_to_be_in_authority_authorities_pretty_name">You are changing all user registrations to be in authority %authorities.pretty_name%</msg>
</message_catalog>
